product_id,product_name,product_brand,category,price,weight,color,size,material,rating,reviews,release_date,expiry_date,pet_category,description,created_at
177,Bird Cage,LiveZ,Cage,96.70,10.30,Yellow,Small,Vinyl,5.0,953,2011-01-27,2024-10-31,Birds,"Curabitur at ipsum ac tellus semper interdum. Mauris ullamcorper purus sit amet nulla. Quisque arcu libero, rutrum ac, lobortis vel, dapibus at, diam.",2026-05-07T10:50:33.761Z
571,Cat Toy,Minyx,Cage,80.89,8.50,Yellow,Small,Rubber,5.0,550,2012-09-14,2025-07-09,Reptiles,"Mauris enim leo, rhoncus sed, vestibulum sit amet, cursus id, turpis. Integer aliquet, massa id lobortis convallis, tortor risus dapibus augue, vel accumsan tellus nisi eu orci. Mauris lacinia sapien quis libero.

Nullam sit amet turpis elementum ligula vehicula consequat. Morbi a ipsum. Integer a nibh.",2026-05-07T10:50:33.761Z
550,Cat Toy,Lazzy,Food,7.48,43.70,Yellow,Small,Aluminum,5.0,69,2018-06-09,2029-04-15,Reptiles,Nulla ut erat id mauris vulputate elementum. Nullam varius. Nulla facilisi.,2026-05-07T10:50:33.761Z
82,Bird Cage,Eamia,Cage,77.12,30.50,Fuscia,Large,Stone,5.0,35,2014-04-28,2026-05-10,Cats,"Quisque porta volutpat erat. Quisque erat eros, viverra eget, congue eget, semper rutrum, nulla. Nunc purus.

Phasellus in felis. Donec semper sapien a libero. Nam dui.

Proin leo odio, porttitor id, consequat in, consequat ut, nulla. Sed accumsan felis. Ut at dolor quis odio consequat varius.",2026-05-07T10:50:33.761Z
308,Bird Cage,Topicware,Cage,37.07,33.50,Goldenrod,Medium,Stone,5.0,488,2019-02-02,2025-12-31,Reptiles,"Quisque id justo sit amet sapien dignissim vestibulum. Vestibulum ante ipsum primis in faucibus orci luctus et ultrices posuere cubilia Curae; Nulla dapibus dolor vel est. Donec odio justo, sollicitudin ut, suscipit a, feugiat et, eros.

Vestibulum ac est lacinia nisi venenatis tristique. Fusce congue, diam id ornare imperdiet, sapien urna pretium nisl, ut volutpat sapien arcu sed augue. Aliquam erat volutpat.",2026-05-07T10:50:33.761Z
