customer_id,first_name,last_name,avg_check
496,Kenton,Rigg,324.229000
1088,Wade,Viel,338.394000
2659,Saleem,Haggish,210.315000
4519,Latisha,Roach,268.811000
5518,Valentino,Hemstead,225.394000
6620,Kessiah,Neenan,291.969000
7240,Nanette,Blunn,242.789000
8638,Krishnah,Woliter,289.847000
9376,Wolfgang,Arundell,249.521000
1395,Auberon,Richter,304.219000
1483,Sebastien,Ciccottio,197.687000
2563,Pet,Seiffert,214.438000
4219,Melli,Ekkel,246.647000
8932,Kylynn,Kerford,238.748000
1143,Kerrill,Tolomio,233.242000
3000,Sibella,Slorance,268.308000
2231,Darin,Simnel,299.456000
5482,Donal,Lantaph,212.651000
2622,Jill,Harlow,204.975000
4383,Arluene,Bleue,235.389000
5907,Moria,De Carlo,248.096000
8211,Belvia,Earl,238.962000
8716,Frieda,Wissbey,312.273000
9206,Bearnard,Munnis,213.048000
481,Loreen,Wolton,255.066000
296,Tiffy,Grinov,258.206000
1787,Georas,Vasilenko,233.973000
3242,Timmie,Tomsett,214.404000
4291,Lindi,Troctor,222.503000
4838,Saundra,Brennen,236.721000
5100,Mercy,Antonomoli,378.444000
8640,Margaret,Frossell,237.554000
4697,Emiline,Sime,214.236000
5030,Gardy,Chambers,268.201000
5920,Nat,Kindleysides,285.402000
7283,Gianni,Gaishson,278.500000
8146,Consuelo,Poge,354.886000
9731,Bernelle,Dablin,225.547000
4061,Wilona,MacKereth,262.824000
5251,Iseabal,Cheevers,276.009000
5427,Jeffie,Hessentaler,135.333000
6145,Bart,Vanstone,274.538000
6939,Anjanette,Southcombe,284.132000
7131,Saleem,Jenking,296.942000
8085,Yasmin,Gebhardt,307.497000
9324,Lorry,McKern,218.979000
2173,Dominga,Simakov,205.364000
2513,Ashien,Klulik,221.635000
4923,Vaughan,Shapiro,168.372000
5375,Lock,Kinde,225.361000
6157,Brit,Ibbs,264.308000
9730,Trina,Simoncello,225.239000
3436,Randee,Detoile,237.804000
5827,Conchita,Hammor,283.724000
7218,Evaleen,Likly,231.955000
7865,Moishe,Rodgerson,294.696000
368,Bing,Crowth,244.958000
1537,Jesselyn,Wheildon,262.340000
4132,Amelia,Nance,260.434000
4172,Moses,Surgey,236.011000
7103,Daveen,Seaborne,213.652000
7587,Clara,Spykings,203.040000
8354,Prescott,Collingdon,191.913000
8464,Brena,Colecrough,235.370000
9209,Baxy,Edgin,238.870000
4153,Melinda,Colvine,203.421000
5918,Lyn,Branwhite,171.144000
847,Moore,Swaden,310.930000
3611,Genia,Inskipp,151.721000
4637,Morten,Burn,236.788000
5151,Desiree,O'Cooney,273.336000
6460,Twyla,Weighell,254.373000
6741,Tish,Doppler,342.400000
8412,Inness,Bouch,258.419000
1496,Theresa,Ridel,238.529000
2180,Stanford,Malloch,302.972000
3841,Allsun,Birkbeck,228.088000
9207,Paolo,Comrie,228.262000
9450,Brok,Cotgrave,246.674000
1415,Karine,Radbourn,322.346000
3485,Janelle,Curnnokk,219.030000
1772,Nada,Axworthy,206.134000
6820,Lydia,Welsh,193.511000
8036,Fremont,Greggersen,281.613000
9538,Ches,Yersin,216.092000
723,Dacy,Fyers,285.636000
2871,Nicolle,Winear,219.210000
3264,Jodee,Stennine,313.740000
3941,Nomi,McMeyler,271.420000
8902,Dee,Durston,206.916000
9771,Bari,Ruller,256.771000
26,Niels,Deery,304.324000
626,Lexi,Gocke,220.466000
2335,Francisca,Cottem,269.994000
4758,Marybeth,Wildes,300.608000
5759,Sofie,Ridhole,247.589000
7116,Nathanil,Cuncliffe,248.308000
8303,Brandise,MacMickan,243.117000
3387,Berenice,Crysell,295.399000
5037,Constanta,Matejovsky,313.635000
8895,Danni,Stroban,283.062000
192,Shoshana,Arnowitz,212.832000
3183,Dale,Gowrie,178.812000
4267,Kira,Reavell,253.804000
5405,Lazare,Jessup,193.970000
5606,Cheri,Bimson,236.806000
7225,Maximilian,Rosin,238.474000
9106,Jennie,Pargeter,255.010000
9787,Fayth,Struthers,333.051000
1759,Timmy,Dugald,249.860000
2076,Sharyl,Regardsoe,273.197000
2371,Marcia,Reek,238.238000
4779,Paulette,Hubback,279.597000
4610,Stevy,Bracknall,232.352000
5891,Cherri,Biasetti,274.866000
6110,Trey,MacAirt,287.131000
6956,Norbert,McCrainor,303.352000
9840,Maryl,Hylton,248.961000
2409,Basile,Brandom,276.835000
2692,Feodora,Monshall,202.659000
2920,Ronny,Brownhall,187.652000
5069,Vittoria,Kliemke,196.806000
5105,Dennison,Scutts,216.777000
3519,Rozina,Ewer,239.861000
4617,Charline,Wallen,292.197000
5374,Mildred,Pfeffel,206.191000
6096,Isiahi,Hagergham,283.037000
9178,Kalvin,Yanov,253.033000
1564,Rora,Branney,257.605000
4397,Delinda,Hampstead,298.017000
7032,Margit,Blowick,168.496000
822,Wood,Shervington,238.601000
1215,Brandy,Leynagh,227.263000
1925,Cymbre,Klug,214.808000
2113,Linn,Bonifazio,251.905000
2227,Anthe,Pletts,190.319000
2237,Henriette,Riordan,238.186000
3184,Kaylee,Fardoe,297.574000
3963,Micheline,Pincked,250.652000
7823,Isabelle,Ramel,274.638000
8773,Vale,Jarrad,281.669000
9919,Mar,Jay,279.381000
875,Stephi,Ruzicka,308.247000
4120,Louis,MacVay,263.483000
4177,Dennis,Bennetts,257.540000
4387,Nonah,Fyall,226.469000
8220,Darius,Gaddie,225.362000
604,Woodie,Milliere,215.429000
1731,Chrystal,Duigenan,285.072000
3579,Lanie,Killough,266.870000
9451,Tracy,Medwell,224.126000
3975,Noelani,Rider,207.425000
5568,Tessy,Kopp,241.303000
8047,Marianne,Longmuir,204.024000
6740,Domingo,Haggie,277.302000
9053,Dulci,Swinbourne,222.546000
1061,Leese,Caseley,200.275000
9395,Noami,Metschke,265.389000
519,Elmo,Lope,226.721000
1505,Juanita,Mose,226.601000
5346,Lura,Brambill,292.911000
5478,Leighton,Treuge,246.624000
5655,Monte,Ewdale,333.055000
7160,Gayla,Martschke,256.942000
8399,Beckie,Dunkerton,357.110000
1939,Dalenna,Boote,236.206000
2823,Valeda,Miquelet,287.130000
5838,Edee,Wraith,329.982000
6024,Shea,Jeanet,311.336000
6339,Dulcea,Philpot,222.101000
9166,Violetta,Lassen,244.057000
5335,Walther,Sturton,202.126000
5361,Jarrid,Jess,213.658000
6394,Andeee,Cripin,256.633000
9123,Elissa,Raddon,201.179000
3919,Justine,Rosekilly,304.084000
6536,Sindee,Betton,163.192000
8138,Leif,Bradnam,310.846000
185,Bondie,Rissom,274.412000
618,Alicea,Van Der Walt,184.782000
747,Ermanno,Sobczak,219.352000
1542,Arny,O'Docherty,206.487000
5334,Hannis,Welsh,319.149000
7902,Kelsi,Hayland,205.271000
2647,Katherine,Mattei,265.509000
7323,Wallis,Sweetzer,320.106000
435,Rolfe,Antognoni,226.467000
581,Hadrian,Crowcombe,272.282000
3261,Wiley,Caulder,266.654000
4162,Kort,Hutcheon,209.155000
5303,Leonie,Billett,241.109000
8088,Daria,Bullivent,288.052000
9931,Craig,O'Carran,316.105000
704,Konrad,Sambles,288.393000
3752,Iolande,De Blasi,185.796000
4663,Winnie,Fasset,310.586000
9754,Erskine,McEvilly,283.827000
2614,Stacy,Varren,273.289000
4102,Isaiah,Mattschas,347.890000
5959,Sander,Kensy,246.734000
4311,Fonzie,Jouannisson,231.935000
7042,Bing,Crosi,337.751000
8943,Cirilo,Woodroofe,243.782000
1683,Reamonn,Gerler,347.397000
2364,Neddie,Gulberg,256.469000
7078,Mei,Cleft,239.395000
7468,Dar,Murra,204.582000
9088,Cariotta,Smales,320.738000
1047,Shae,Thirlwell,245.654000
2603,Bern,O'Cannan,254.513000
4569,Torry,Gruszczak,253.564000
4614,Cassius,Morriss,297.467000
4979,Andris,Kinson,243.756000
1878,Stephana,Hallows,263.983000
6112,Dana,Oertzen,296.748000
6223,Nara,Tran,308.469000
6508,Gradeigh,Deme,179.114000
7616,Riane,Laugier,253.698000
7707,Brad,Sims,271.702000
7789,Barbaraanne,Lineham,262.876000
1822,Gonzalo,Trimming,211.679000
4757,Emmye,Kinforth,276.946000
7269,Francis,Crosfeld,254.135000
8484,Barron,Gibby,260.788000
9157,Flem,Yourell,256.657000
734,Felicdad,Ollerearnshaw,236.423000
2471,Vale,Volant,336.632000
3231,Devlen,Wilkin,252.513000
3572,Sindee,Lownsbrough,244.125000
6578,Roth,Flaws,220.832000
7286,Ralph,Heymann,265.558000
8043,Kippar,Edeson,293.035000
4365,Josi,Lacoste,208.333000
5967,Irwinn,Matthisson,263.087000
6755,Sandy,Croxon,311.609000
7572,Phillipp,Mabbett,318.268000
9230,Elihu,Ballay,272.671000
5158,Ruthie,Aspole,249.001000
5234,La verne,Stanford,270.392000
6694,Scarlet,Grafton,278.884000
8753,Billy,Drugan,171.451000
1218,Luke,Moult,232.861000
2879,Darrick,Pietraszek,279.647000
3908,Rafaelia,Leppingwell,270.128000
4091,Augie,Dolan,283.342000
1646,Tate,Burdis,309.213000
5031,Christophe,Pickworth,257.968000
5359,Mildrid,Espinoza,304.575000
9052,Gweneth,Holdey,291.373000
9092,Clemence,Twinborough,276.737000
5520,Rosie,Lavis,277.834000
7894,Evangelia,Rouge,244.486000
8578,Cort,Crowcher,246.008000
8615,Jobey,Jovic,279.943000
9411,Prent,Mariette,189.243000
9981,Ingunna,Beneix,246.911000
5971,Lorettalorna,McPaik,298.001000
6243,Thornton,Delve,255.739000
6745,Armin,Cassy,261.964000
359,Gerianne,Springett,328.540000
6275,Juli,Callan,208.415000
6756,Geordie,Westby,265.518000
8032,Shandy,Churching,199.646000
340,Robinette,Canland,227.443000
2837,Leia,Buttle,210.370000
2849,Guenna,Laye,277.456000
4564,Ario,Peto,252.639000
6452,Brenda,Le Sarr,300.615000
7009,Cordula,Ogglebie,188.427000
7759,Sofia,Keymar,223.393000
8903,Shalom,Caccavella,230.368000
9776,Elicia,Stannett,294.931000
3120,Barby,Stowgill,178.097000
4504,Adiana,Westmore,187.996000
5591,Helaine,Padson,255.982000
5937,Minette,Cherry,211.317000
5492,Casar,Lurriman,220.240000
5553,Trisha,McNeely,263.026000
6328,Benedicta,Heppner,297.100000
647,Tiphany,Puddle,219.336000
1467,Jamima,Burford,235.130000
2666,Sean,Mulchrone,208.948000
5274,Ashlee,O'Brollachain,218.549000
6086,Ulrich,Do Rosario,150.477000
7506,Kristina,Frow,262.247000
339,Helaine,Marusyak,301.782000
983,Colleen,Symmers,285.542000
1355,Shaina,Wedderburn,255.079000
3324,Emmanuel,McClaughlin,254.188000
3388,Karel,Blakden,297.769000
5347,Angela,Truwert,337.916000
5507,Holt,Cartman,244.736000
6302,Phip,Silverston,268.682000
7231,Kayla,Chauvey,262.082000
7739,Frederica,Bendel,252.816000
8992,Berget,Resun,214.819000
9862,Roxine,Montgomery,332.150000
4692,Benoite,Simnett,265.250000
4928,Therese,Yakobowitz,335.755000
6017,Wayland,Wand,223.605000
9008,Fayina,Breakwell,203.762000
9637,Edee,Pococke,227.959000
2613,Jami,Glencross,238.908000
3534,Morrie,Porter,317.371000
5086,Mendy,Gantzer,263.296000
6199,Maressa,Marflitt,260.825000
6370,Wallas,Guerri,288.050000
6403,Georgianna,Ludye,197.255000
7703,Jerry,Izat,232.562000
846,Abby,Longridge,268.011000
4839,Haroun,L'oiseau,236.460000
6043,Courtnay,Ganiford,288.506000
9131,Bryn,Arnoll,239.848000
9334,Yvonne,Enric,263.859000
9515,Merrill,Deener,294.902000
3001,Emmerich,Gosker,307.626000
3027,Alfred,Croston,263.537000
5626,Addy,Barker,158.864000
5954,Bathsheba,Carey,234.903000
6160,Zulema,Allmark,235.119000
7161,Fancy,Glendza,228.723000
7578,Minetta,Yakob,251.560000
2375,Felic,Dugood,274.234000
3894,Wolfgang,Jorg,232.237000
6751,Caprice,Moakson,190.479000
2368,Sonni,Davion,261.486000
5132,Grier,Bettaney,323.984000
5176,Chic,Tocque,247.309000
6529,Austen,Whaley,253.475000
279,Mattie,Dingsdale,214.917000
2268,Oralla,Bukowski,264.906000
6710,Jeanne,Cadden,274.449000
8829,Iseabal,Sillett,158.124000
1748,Tiff,Frier,221.111000
3816,Sidonnie,MacLise,286.038000
397,Celle,Bagwell,301.516000
1436,Zea,Hawkings,201.702000
2822,Heath,Rosenstiel,211.329000
3947,Joann,Grent,298.771000
7096,Bondon,Losbie,345.329000
7248,Eveleen,Sprouls,197.428000
8990,Barri,Lorans,250.981000
9140,Gabrila,Gilardoni,232.512000
92,Gerda,Durbann,284.846000
2994,Irita,Wash,263.424000
5054,Babbette,Butt Gow,194.909000
6057,Stanislaus,Whiteoak,259.590000
6906,Philomena,Clint,264.982000
7667,Harman,Ferras,339.765000
6299,Tobye,Hadenton,312.767000
7715,Cassandre,Faragan,209.419000
8161,Codi,Semper,238.564000
826,Erinn,Stillwell,311.891000
8095,Mel,Ollenbuttel,267.421000
8573,Rich,Wallworth,247.829000
64,Vernice,Revell,262.731000
117,Lilli,Shrubb,270.929000
1874,Clarke,Cray,340.667000
2743,Nettie,Farnell,177.860000
2845,Marylou,Mahody,308.197000
2984,Waldo,Tradewell,287.341000
4130,Celinda,Jon,183.542000
4476,Sonnnie,Higounet,264.710000
5610,Tam,Jeanet,257.188000
7860,Cross,Dutton,203.697000
9906,Buddy,Stoite,267.404000
9995,Torie,Waller-Bridge,306.505000
764,Boigie,Folger,246.050000
1002,Jeana,Elleyne,252.085000
1733,Jerrilyn,Graysmark,232.083000
8870,Gabie,Casassa,242.064000
41,Trescha,Von Der Empten,226.730000
425,Doti,Looker,265.492000
1189,Randee,Marvell,226.086000
4110,Pepe,Saunders,233.852000
5291,Boigie,Simionato,254.135000
7072,Micaela,Dockwra,169.610000
8322,Chad,Janeway,285.551000
9278,Addy,Sybbe,326.942000
4276,Herschel,Chaff,368.252000
4441,Kiel,McCoughan,275.650000
4742,Gabe,Barkas,215.573000
5667,Graeme,Warrillow,211.164000
3835,Scot,Goodspeed,323.254000
6659,Lora,Hasker,301.629000
6787,Lyssa,Raffon,311.369000
7606,Murial,Pennings,303.313000
7957,Annnora,Lettuce,305.575000
3086,Alleyn,Goodband,227.615000
5744,Hadley,Philler,314.611000
6582,Iolanthe,Duffill,321.226000
7368,Georas,Armstead,254.255000
8504,Richie,Fairbrace,297.531000
9168,Anthe,Esterbrook,339.030000
9992,Goldia,Mastrantone,273.607000
327,Brose,Priddy,307.402000
1576,Ruben,Godmer,223.642000
1732,Kip,Mannock,341.849000
4073,Darla,Martinovic,193.603000
5876,Gabbie,Vogel,323.869000
6877,Sullivan,Torres,282.208000
7174,Lu,Tolumello,237.518000
9643,Dani,Gowers,223.879000
2428,Normand,Sponton,272.163000
9780,Sisely,Bonevant,298.791000
8221,Phoebe,Pimlock,282.876000
9066,Grissel,Finker,302.514000
179,Benny,Wilprecht,255.346000
1950,Hatty,Largent,210.760000
5124,Esta,Macourek,243.902000
5727,Berty,MacKissack,177.996000
6256,Theressa,Cornelissen,189.388000
6605,Rafaelia,Physick,229.346000
6647,Stan,Gorrissen,301.142000
7142,Vernice,Cosley,155.697000
37,Jamill,Merrigan,322.582000
2267,Alec,Chamberlayne,321.326000
7176,Meggy,Halcro,270.801000
2932,Germain,Steane,281.802000
3610,Quinta,Starr,219.728000
5618,Kelcie,Curtoys,308.347000
8589,Alaster,Allright,268.569000
979,Karina,Fruish,251.174000
1966,Dorian,Klima,271.904000
4770,Muriel,Wudeland,275.805000
6392,Gertie,Sudell,277.840000
7170,Doralynne,Duxbarry,352.812000
9921,Abdel,Gutherson,180.425000
1216,Conrade,Edmans,269.113000
1271,Vanny,Trewhela,266.677000
2735,Arleen,Sandars,284.883000
3797,Jayne,Irce,168.644000
4907,Annadiana,Chiles,223.869000
5191,Denver,Blannin,243.156000
5372,Sherm,Longcake,300.527000
7437,Alaine,Samwyse,241.537000
374,Maritsa,Massey,295.391000
2004,Ban,Gladtbach,205.606000
2589,Veronique,Milton-White,290.754000
3773,Reta,Merfin,179.509000
5180,Clem,Brunroth,231.161000
6009,Fannie,Luther,272.745000
6203,Larina,Glasbey,335.845000
6240,Edee,Rickett,218.462000
6447,Eldon,Aleksidze,243.814000
7509,Georgianne,Dwyer,280.937000
231,Barde,Bamlet,280.805000
1406,Emilia,Full,234.916000
3687,Sybil,Ellacott,283.647000
4946,Pierce,Sacker,209.419000
8632,Vittorio,Dumke,239.915000
9452,Dion,Queen,278.806000
1706,Brennan,Lehmann,293.465000
2305,Lari,Idwal Evans,249.782000
3051,Sinclare,Barniss,231.205000
4633,Nanice,Loseby,287.489000
6841,Myranda,Downham,272.865000
9114,Ava,Lowten,243.744000
1403,Archy,Siemens,228.575000
2244,Cole,Tonepohl,205.777000
5750,Carma,Aveline,260.865000
7327,Cecilio,Klaassens,246.645000
5748,Glenna,Gindghill,247.259000
9216,Katey,Bestiman,231.475000
9233,Ariadne,Silverman,361.693000
9697,Cristine,Godden,246.927000
1865,Kaiser,Acum,178.783000
7433,Yuma,Chalke,307.726000
7513,Mylo,Laste,303.712000
5969,Siward,O'Corr,228.275000
610,Kelsy,Hutten,219.757000
4343,Zorina,Rolles,200.962000
5264,Erick,Collum,261.191000
8194,Tod,Presley,258.925000
4274,Freeman,Dallywater,211.663000
5331,Dulciana,Izat,204.224000
5540,Lea,Rishbrook,275.558000
900,Lucille,Dollman,216.917000
1539,Michaeline,Matussov,235.880000
4626,Joelynn,Medd,221.142000
5558,Phillis,Pressman,224.619000
6539,Jessamine,Novotni,183.372000
7039,Germain,Canaan,281.205000
7618,Sol,Gobert,256.494000
7995,Juliana,Lusher,263.757000
8651,Juanita,Pauling,244.156000
9477,Wernher,Percival,294.943000
9755,Skippie,De Stoop,178.597000
1789,Phaedra,Worlidge,344.315000
1957,Lou,Cleen,190.666000
217,Chilton,Dirkin,265.047000
290,Davie,Bazoge,296.375000
3971,Ramsay,Karran,364.594000
4650,Aurelie,Bullivant,225.161000
7596,Marvin,Maxted,206.911000
823,Kaja,Stollard,278.734000
1545,Valerie,Oliphant,294.355000
5923,Dell,Ick,201.928000
6739,Tallie,Lowther,315.161000
7872,Sondra,Syalvester,257.885000
114,Sabra,Bladesmith,276.288000
8730,Arnuad,Klossmann,237.138000
9294,Linnet,Wilshaw,273.383000
3505,Junia,Goggen,246.842000
3653,Antonin,Boxell,295.374000
4592,Blakeley,Whitehurst,333.415000
4646,Fax,Dimitriou,217.493000
6348,Ines,Pawnsford,190.126000
7187,Bobbi,Letterese,280.107000
9859,Merell,Palluschek,217.867000
449,Mathias,Lotte,231.417000
2424,Riordan,Evett,267.401000
2574,Kittie,Feldhuhn,239.400000
4160,Gasper,Feore,292.042000
4299,Bethany,Arrow,195.724000
6363,Enid,Cable,240.899000
6910,Anselm,Tearle,236.984000
6966,Lazarus,Spadeck,260.693000
555,Micheil,Barkhouse,273.830000
1256,Lotty,Urey,344.136000
1397,Freeland,Kyngdon,284.303000
7597,Jany,Adamson,275.461000
8284,Gregory,Figg,333.562000
8971,Jenifer,Marxsen,240.596000
9221,Morley,McCarrick,213.377000
9868,Petronille,Sillitoe,299.559000
1169,Shannan,Rodriguez,201.883000
2959,Torey,Buche,279.730000
5998,Donny,Gon,271.453000
1075,Georas,Mulberry,215.814000
1614,Whitaker,Beardow,301.347000
1677,Enoch,Marzellano,200.493000
4682,Teodor,Eskriett,274.451000
1431,El,Kop,337.874000
2832,Georgena,Oatley,215.209000
3294,Inigo,Skates,277.619000
4550,Francyne,Jessett,280.217000
7251,Candace,Thormann,230.725000
8583,Conni,Dubber,197.320000
2070,Angel,Prenty,270.840000
7199,Giuseppe,Scotchford,261.840000
8081,Issie,Milhench,279.152000
8479,Dorene,Dell,293.698000
1000,Ezri,Binns,261.462000
2865,Ruben,Hatcliffe,242.874000
3864,Townsend,Goosey,261.350000
4892,Angelico,Roscrigg,294.655000
4943,Solly,Brunner,301.774000
7292,Cicely,Borthram,231.128000
9156,Gisele,Dyneley,276.465000
824,Clevey,Hopewell,185.421000
1236,Pattie,Hurleston,301.538000
2083,Marne,Allardyce,227.891000
4271,Stormie,McElmurray,250.961000
5065,Katinka,Kenewel,303.869000
7105,Keven,Oswell,207.754000
7620,Garold,Firpi,220.161000
1233,Danice,Medmore,291.301000
2807,Ferd,Guillotin,295.532000
3777,Tracey,Drescher,164.230000
5014,Annelise,Schoenfisch,196.513000
5780,Stafani,Blackden,247.798000
8862,Steffie,Lambeth,257.042000
2814,Sybyl,Venes,201.557000
4011,Brandais,Whetnell,265.948000
4154,Sorcha,Cleave,265.432000
8383,Lonee,Gandrich,245.212000
51,Arte,MacIlraith,238.550000
331,Jaclyn,Heinig,261.821000
2884,Editha,Punch,232.169000
2921,Vinny,Philliskirk,179.239000
3821,Olympia,Roselli,215.222000
5278,Nannie,Sivills,230.557000
9037,Elane,Lester,240.700000
532,Ernest,Rimes,225.386000
4780,Merline,Ferrier,228.808000
129,Jazmin,Gommes,236.678000
2068,Basile,O'Howbane,298.003000
4997,Codie,Dumbelton,296.649000
6478,Alysa,Brisse,188.799000
6677,Madeleine,Winslet,261.445000
7151,Suellen,McElwee,219.213000
2345,Wilden,Serjent,200.999000
5035,Justis,Berardt,298.113000
7074,Maria,Parrish,233.854000
7937,Larine,Hollier,250.782000
661,Maddie,Pessold,239.600000
1746,Donielle,Becaris,154.605000
3840,Eadmund,Ivanaev,254.961000
5092,Wood,Lago,261.736000
5523,Letizia,Roxburgh,211.177000
8073,Carolina,Hutt,324.923000
8228,Anatol,Shiel,277.506000
8549,April,Sharpless,271.645000
9229,Cornie,Espinas,276.058000
1356,Terence,Bertl,235.398000
2358,Cathyleen,Colqueran,232.648000
3361,Cynthie,Cromack,273.804000
6518,Clementia,Heliet,199.029000
9374,Rikki,Phear,244.119000
1724,Chaddy,Summerlad,263.367000
1960,Winston,Wilhelmy,218.724000
3598,Matias,Von Brook,227.761000
5449,Carr,McEvon,278.839000
5835,Bambi,Tomisch,213.610000
6789,Gunilla,Trytsman,250.113000
8995,Layney,Sharland,253.556000
1104,Lavina,Knuckles,225.642000
4140,Alphonso,Fihelly,248.549000
4224,Lida,Farnish,277.018000
5898,Aymer,Matthesius,229.521000
6947,Gabrila,Skett,234.220000
7694,Tierney,Cutting,272.519000
8626,Querida,Sammons,291.207000
3771,Sander,De Meyer,289.806000
4794,Fania,Brosoli,233.597000
5645,Justis,Robert,263.200000
5853,Marylin,Ewbanche,243.679000
8645,Crista,Poznanski,249.100000
9880,Rayna,Dobrowolski,201.881000
2230,Nikolai,Molineaux,223.694000
4761,Shayna,Williment,242.246000
6120,Janette,Vassie,314.761000
6327,Maible,Jurkowski,284.665000
9639,Chaunce,Basham,305.367000
1765,Kora,Scrinage,287.307000
3855,Elaine,Blader,247.847000
7755,Paige,Pacher,354.642000
3644,Kittie,Iaduccelli,256.285000
5589,Christy,Lummis,197.792000
6938,Philip,Emons,275.926000
8657,Corabella,Steart,263.353000
2290,Ariana,MacMaster,195.121000
3600,Vinita,Chavey,226.659000
4052,Frazer,Dwelling,252.394000
4340,Deerdre,Careswell,306.572000
4947,Cory,Date,315.882000
8461,Chrotoem,Smallbone,263.845000
769,Pete,Dibley,322.670000
5641,Kym,Girone,208.974000
6206,Conni,Leydon,219.732000
1039,Christian,Passo,245.778000
3640,Truda,Clinch,312.335000
3742,Arty,Meade,272.151000
4456,Harlen,Brookzie,289.358000
4525,Sheela,Greener,264.531000
510,Herbie,Chataignier,262.196000
3692,Joellyn,July,226.064000
4282,Cassandry,Ollivierre,239.104000
7626,Kaitlyn,Wilbud,210.473000
9598,Sherwood,Ibert,282.478000
167,Sheffield,Greydon,213.963000
945,Bendicty,Fewlass,246.568000
3317,Tully,Braitling,286.455000
4473,Twila,Wesson,251.595000
5262,Waldo,Tarry,275.057000
6613,Winny,Brosh,256.243000
9326,Andee,Gronow,229.927000
9521,Dru,Rahl,292.306000
1389,Jonah,Acors,186.421000
4233,Burl,Rozycki,254.138000
73,Kristian,Morfey,297.140000
2112,Maible,Tomasino,226.731000
7027,Leelah,Benoi,214.629000
8397,Hallie,Ebunoluwa,229.707000
9837,Helga,Benzi,201.712000
895,Sheeree,Aust,318.318000
2033,Jandy,Thaxton,237.186000
2321,Lucina,Skirlin,235.329000
5154,Livia,Seggie,237.357000
6129,Alley,Woolford,208.724000
9020,Melicent,Bury,314.728000
9122,Zollie,Jime,160.633000
795,Kirk,Salterne,270.929000
8369,Loella,Cowndley,194.660000
9911,Debor,Chater,174.774000
3801,Emilee,Mauchline,197.117000
6159,Bank,Audas,248.531000
6749,Daniela,Barrs,118.140000
7338,Holli,Goldson,240.816000
1454,Henderson,Hupe,308.686000
1709,Skyler,Forcer,211.761000
1897,Daniela,Groundwator,254.332000
2715,Nicola,Geillier,264.827000
6644,Karole,Handke,275.459000
7548,Kipp,Juliff,259.072000
9024,Merlina,Pfeffer,169.871000
9043,Kessia,Syvret,278.457000
1453,Adena,Allott,183.421000
2505,Orin,Willmer,211.256000
3580,Abba,Mixworthy,300.642000
4432,Aron,Bachellier,236.375000
6494,Nicoli,Allpress,272.485000
480,Geoff,Sywell,252.355000
1592,Caroljean,Alenichev,226.932000
4255,Yorgos,Sheppard,201.445000
5197,Sybyl,Masarrat,204.286000
967,Lorri,Ketchen,250.106000
2408,Zebulon,Rudderham,246.238000
3564,Grace,Jilliss,204.034000
4951,Neala,Amort,166.610000
5196,Agace,France,312.701000
7294,Una,Locard,257.380000
9045,Emmit,Lyttle,195.047000
9835,Nada,Landre,300.118000
740,Jordan,Gwilliam,215.693000
1687,Leann,Ferraresi,205.268000
3868,Julissa,Frostdick,221.717000
6000,Scarlet,Tomaselli,214.649000
226,Umeko,Penvarden,191.334000
2541,Rikki,Corstan,257.757000
5312,Shanta,Inglesent,331.696000
9949,Wallace,Kime,260.708000
1221,Tobias,Druitt,328.806000
3322,Cassi,Seys,198.216000
5475,Lucy,Sleightholm,271.333000
3713,Solomon,Haythornthwaite,244.752000
5830,Rochella,Brauner,190.519000
6368,Mia,Grubb,314.322000
1465,Cyrillus,Squier,267.449000
1648,Belita,Piscopello,274.527000
4406,Theodora,Marusyak,295.425000
9407,Denna,Peacock,213.271000
2870,Marys,Walworth,265.421000
2943,Henrie,Collocott,216.206000
6431,Cathrin,Giffen,285.782000
7036,Christiana,Habbal,247.136000
3094,Amber,Mullins,310.292000
3507,Gaspar,Server,226.420000
7219,Archambault,Callen,241.063000
490,Giuditta,Parmeter,250.356000
4735,Alayne,Genn,155.183000
4869,Kirby,Aneley,256.533000
5784,Megen,Manolov,140.984000
6364,Jeanine,Hume,278.415000
8889,Sara-ann,McMeanma,235.457000
9225,Anica,Yele,316.686000
1767,Anya,Loads,214.596000
3731,Denni,Swift,196.397000
4535,Karina,Halliberton,234.951000
4553,Sonya,Knevett,265.557000
5458,Farah,Hatwell,214.626000
6969,Miguelita,Mulvany,229.724000
2352,Eydie,Medgewick,314.100000
8732,Matty,Uccello,264.840000
622,Franni,Savine,222.617000
3237,Stafford,King,260.026000
3738,Ingemar,Morrott,306.323000
5310,Yelena,Rany,198.964000
6698,Stevena,Lailey,237.262000
6753,Donalt,Canland,265.396000
7314,Lynde,Parmley,232.854000
469,Felipe,Ramplee,165.796000
1027,Genni,Schultze,375.109000
1282,Corrina,O'Hearn,243.024000
5783,Piotr,Moules,281.719000
7878,Fiona,Shayler,329.784000
8814,Edvard,Forre,202.366000
9952,Mandi,Bunney,191.847000
1906,Westbrook,Couthard,316.029000
2634,Parry,Templar,260.646000
5175,Elsa,Vasilyevski,224.238000
5184,Madelene,Morfell,201.384000
9246,Gabby,Gregor,266.054000
712,Lynett,Dwelley,322.605000
859,Veradis,Ing,283.712000
8314,Dennet,Lenden,224.573000
8463,Elton,Lindsell,213.596000
8988,Kristos,Baudichon,254.801000
978,Louise,Kunzelmann,241.926000
1440,Doro,Siviour,308.741000
4077,Land,Tailby,253.194000
5005,Teodorico,Handover,242.208000
5438,Sandi,Kennefick,274.279000
9928,Feliza,Tight,273.556000
272,Ogden,Cromley,324.047000
3614,Almeria,Chevis,268.347000
4990,Wallache,Coulsen,311.362000
7126,Eulalie,Ridd,284.907000
8685,Clementine,Brogiotti,200.906000
9497,Heath,Troak,262.008000
9581,Anallise,Shoulder,239.241000
9617,Evvie,Nettle,224.599000
56,Eberhard,Reiling,290.863000
639,Olia,Ferraretto,256.964000
2510,Thekla,Cornew,322.331000
6651,Prissie,Muccino,232.023000
9260,Suki,O'Feeny,186.909000
9905,Kellby,Flowitt,328.389000
9918,Cleo,Bohlsen,209.034000
478,Jereme,Mebs,288.697000
997,Shir,Pride,317.206000
6121,Michele,D'Alessandro,244.453000
2816,Forest,Innott,303.544000
3559,Sandy,MacConnel,186.553000
3995,Ceil,Cradduck,262.398000
4284,Loren,Attac,280.154000
5587,Garfield,Siveyer,237.726000
5881,Kimbra,O' Bee,196.370000
8136,Cristy,Bachshell,268.844000
4548,Gian,Meadowcraft,272.762000
4634,Regan,Raiment,160.762000
5729,Tessy,Hurlston,266.547000
7373,Whit,Hanson,292.410000
7403,Rubi,Yonnie,248.483000
7939,Rhianna,Zebedee,249.112000
1553,Arlan,Debrick,247.922000
4407,Meryl,Loudyan,191.629000
5570,Jere,Morewood,323.156000
7407,Noby,Crone,254.347000
7588,Celka,Wakley,303.020000
837,Toddy,Verrills,248.533000
1370,Tera,Housby,276.807000
2293,Chancey,Rickhuss,204.474000
3145,Edsel,Warricker,251.046000
4316,Demott,Knowler,226.448000
1024,Holden,Haggish,212.570000
1859,Florina,Prestner,299.273000
4706,Alfredo,McGrae,196.721000
4764,Robin,Winscomb,198.768000
9044,Eleni,Barrowclough,282.489000
9331,Elisha,Woodhead,238.310000
508,Julina,Itskovitz,257.704000
1860,Rhea,Skeates,292.437000
3642,Josephine,Meddows,166.447000
4488,Goran,Clemenzo,284.978000
5654,Allyson,Sinson,337.092000
6202,Olivia,Durrell,226.746000
7631,Cal,Becke,192.753000
8729,Xaviera,Bourthouloume,207.859000
71,Ches,Casin,228.522000
2001,Dara,Banisch,213.518000
6785,Noell,Maddaford,288.637000
7369,Chilton,Wankling,239.436000
4021,Jaclyn,Drinan,286.777000
5846,Jarrid,MacMaster,183.025000
7445,Ysabel,Bastin,247.356000
8736,Kalli,Phelipeau,265.217000
1224,Aubrey,Schulken,187.709000
4375,Suzy,Benzi,286.836000
600,Svend,Dunnan,257.949000
4609,Sylas,Lundbech,209.131000
9484,Esteban,Sudddard,256.127000
1184,Jena,Balf,242.932000
2388,Auroora,Dukesbury,215.069000
3623,Nessi,Everiss,292.032000
4745,Dieter,Corbally,265.103000
7298,Emelen,Rown,270.714000
7439,Shalom,Docksey,312.470000
9218,Julina,Walworth,195.264000
9777,Auria,Oakenfall,191.268000
373,Scot,Bragginton,244.199000
965,Barty,Abyss,245.675000
1678,Noah,Sainte Paul,262.993000
3770,Kalil,Galsworthy,309.177000
4813,Edward,O'Glassane,294.796000
5297,Jermaine,Spare,339.252000
8370,Lesly,Gillbanks,283.462000
9377,Kendricks,Martynikhin,227.194000
6286,Issi,Dolby,242.553000
7243,Dody,Archdeckne,208.355000
7820,Delly,Spaducci,231.493000
7839,Arvie,Phalip,153.507000
9160,Thaxter,Padbery,236.732000
9797,Bink,Shelford,353.704000
248,Nial,Mariolle,191.202000
1788,Celestina,Wrefford,322.810000
2611,Denys,Hardaway,290.126000
3355,Avis,Drinkwater,251.314000
4057,Catherine,Furmston,290.945000
4769,Sissy,Dobrovsky,197.866000
5986,Aline,Freschini,261.901000
7154,Lin,Bonallick,309.610000
2334,Roobbie,Allard,241.483000
9818,Bailie,Hayle,300.936000
9826,Ainslee,Leither,293.837000
1328,Pia,Webben,254.166000
4856,Jessalin,Hares,200.573000
4871,Frasquito,Cockshot,211.594000
9490,Liza,Rahill,221.520000
9796,Sibyl,Stonebanks,240.315000
149,Filia,Empson,305.159000
3274,Trisha,Pauletto,281.172000
5314,Marne,Venmore,201.382000
8316,Madella,Rawdales,239.091000
999,Lianna,Castilljo,304.007000
3344,Allison,Exeter,248.953000
7167,Elsbeth,Karpeev,251.251000
8991,Rois,Byfford,232.080000
357,Hedi,Hayth,205.162000
1819,Patty,Paydon,266.500000
7678,Ingeborg,Skewes,229.261000
8806,Odelia,Malim,226.999000
1449,Way,Dudin,258.748000
1508,Elmira,Hutchcraft,275.937000
5535,Dominik,Sambell,239.279000
6013,Rabbi,Crier,236.809000
7734,Maxwell,Yanshinov,215.540000
9102,Myrtle,Zannini,218.549000
1011,Francoise,Hrinchishin,310.834000
1193,Abbey,Hebdon,200.912000
3585,Dosi,Curneen,260.447000
4911,Toddie,Trotter,238.659000
6151,Paul,Snowsill,258.288000
7835,Philbert,Biskupski,316.812000
8890,Weider,Foggo,259.874000
9990,Virgie,Havile,283.551000
1402,Vikky,Playford,236.966000
1879,Skipp,Turgoose,245.300000
9428,Bobette,Lavens,237.446000
9912,Rabbi,McMillan,294.515000
2869,Ban,Shields,225.763000
7015,Brita,Kinman,279.765000
4850,Hansiain,Beric,204.364000
9143,Leora,Bowden,199.712000
9380,Nathanial,Nollet,237.291000
557,Mable,Poore,247.482000
700,Emilia,McAsgill,218.633000
2465,Westbrooke,MacVean,262.637000
7137,Ebony,Letty,218.389000
9616,Michel,Ponde,230.565000
802,Catherin,Poppy,272.551000
9068,Mandie,Peyto,268.865000
3939,Valentine,Melwall,264.046000
5009,Waylen,Kach,183.398000
5198,Daniella,Sandiford,161.815000
8377,Xymenes,Gun,256.202000
1526,Tully,Roly,219.173000
6594,Mariann,Farlamb,232.380000
9304,Erika,Rhead,284.523000
2287,Maureen,Panther,211.820000
3524,De witt,Drewell,219.467000
7543,Alexandros,Winscom,161.906000
8265,Bette-ann,Heindrich,177.281000
8955,Abey,Seymark,265.830000
2282,Chevy,Fendt,273.357000
3555,Vale,Dungate,231.600000
4179,Kaycee,Jeanet,329.260000
5073,Carling,Dewi,325.096000
5665,Jethro,O'Kinedy,214.663000
7364,Del,Garforth,236.759000
1411,Murial,Kahn,302.466000
1630,Othilie,Kobpa,220.094000
1676,Brocky,Hoodspeth,276.881000
9893,Osborne,Matyasik,234.153000
705,Ebba,Cory,297.296000
4598,Lanae,Pavy,282.665000
4982,Shawn,Gartery,259.023000
4986,Roddy,Brydson,230.658000
5622,Giustina,Hoofe,247.771000
8710,Corrine,Tremblay,322.044000
8974,Dagny,Danielot,332.706000
3271,Arlan,Bluschke,266.764000
4398,Chris,Blampy,220.417000
5994,Tommie,Orpwood,323.464000
6885,Georgine,Mattaser,266.264000
8420,Nessi,Shaddick,187.137000
2117,Marian,Crowden,259.390000
3148,Alberta,Drance,206.180000
4310,Inga,Clowsley,217.190000
4707,Lin,Acory,206.842000
5831,Sonnie,Kynett,191.990000
9599,Sophronia,Hubner,222.043000
1424,Garrick,Corbyn,272.323000
1928,Eda,Dockrill,223.191000
2982,Kristien,Keward,239.094000
9851,Dukie,Kellen,234.620000
180,Rubi,Gagie,241.654000
483,Querida,Smithyman,203.353000
917,Wini,Emerson,167.197000
932,Marquita,Hurles,335.106000
3368,Lyn,Wemyss,287.991000
4467,Gianni,Burdikin,275.189000
5435,Toni,Zorzini,306.965000
7062,Binni,McCalister,248.817000
7609,Tate,Oertzen,250.548000
8190,Karim,Leitche,292.631000
8764,Brittan,Berryann,241.831000
9799,Erl,Boughtwood,240.586000
878,Patrice,Cadd,202.562000
4367,Jamesy,Brogioni,216.674000
4811,Judas,Maynard,270.005000
6524,Roarke,Kobus,276.543000
9843,Dorian,Woodeson,236.985000
3782,Swen,De Roberto,296.414000
6135,Jermain,Dael,212.683000
6407,Donnie,Colnet,233.550000
7762,Thomasine,Kitcatt,204.301000
8559,Jami,Grzelewski,267.622000
187,Tiffie,Eeles,242.882000
2511,Adorne,Escofier,270.723000
4513,Ailsun,Budgen,253.703000
6459,Alf,Hindge,264.309000
8282,Carmon,Bortolazzi,249.901000
8414,Hayes,Whenman,262.288000
3668,Jocelin,Altham,259.412000
5431,Catrina,Dawkins,265.990000
5806,Hannie,Braddon,400.598000
6438,Nonah,Walley,250.431000
7874,Robbert,Wytchard,266.217000
