product_name,product_brand,rating,reviews
Bird Cage,Abata,1.9,618
Bird Cage,Abatz,1.8,503
Bird Cage,Agimba,2.3,817
Bird Cage,Agivu,2.0,309
Bird Cage,Aibox,3.3,820
Bird Cage,Ailane,3.8,889
Bird Cage,Aimbo,3.8,477
Bird Cage,Aimbu,4.1,751
Bird Cage,Ainyx,1.6,971
Bird Cage,Aivee,4.9,721
Bird Cage,Avamba,3.5,617
Bird Cage,Avamm,2.2,429
Bird Cage,Avavee,2.7,925
Bird Cage,Avaveo,3.9,141
Bird Cage,Babbleblab,1.0,32
Bird Cage,Babbleopia,1.7,610
Bird Cage,Babbleset,1.2,424
Bird Cage,Babblestorm,3.0,859
Bird Cage,Blognation,4.1,440
Bird Cage,Blogpad,3.4,193
Bird Cage,Blogspan,2.6,771
Bird Cage,Blogtag,4.4,155
Bird Cage,Blogtags,3.8,758
Bird Cage,BlogXS,4.8,36
Bird Cage,Bluejam,4.4,418
Bird Cage,Bluezoom,3.5,309
Bird Cage,Brainbox,1.6,11
Bird Cage,Brainlounge,4.1,170
Bird Cage,Brainsphere,1.9,151
Bird Cage,Brainverse,2.9,230
Bird Cage,Brightbean,4.3,547
Bird Cage,Brightdog,4.7,270
Bird Cage,Browseblab,1.9,940
Bird Cage,Browsebug,2.0,244
Bird Cage,Browsecat,3.5,360
Bird Cage,Browsedrive,1.6,248
Bird Cage,Browsetype,2.6,511
Bird Cage,Browsezoom,2.8,470
Bird Cage,Bubblebox,3.7,205
Bird Cage,Bubblemix,2.9,229
Bird Cage,Bubbletube,3.1,200
Bird Cage,Buzzbean,3.3,921
Bird Cage,Eare,4.7,600
Cat Toy,Jaxworks,5.0,832
Bird Cage,Buzzdog,2.9,987
Bird Cage,Buzzshare,3.3,128
Bird Cage,Buzzster,3.4,335
Bird Cage,Camido,1.0,843
Bird Cage,Camimbo,3.5,28
Bird Cage,Centidel,4.1,750
Bird Cage,Centimia,3.4,936
Bird Cage,Centizu,2.2,927
Bird Cage,Chatterbridge,3.0,604
Bird Cage,Chatterpoint,4.5,189
Bird Cage,Cogibox,1.8,565
Bird Cage,Cogidoo,1.6,981
Bird Cage,Cogilith,3.1,945
Bird Cage,Dabfeed,4.5,710
Bird Cage,Dabjam,1.8,657
Bird Cage,Dablist,2.2,734
Bird Cage,Dabshots,3.8,957
Bird Cage,Dabtype,2.7,439
Bird Cage,Dabvine,3.5,963
Bird Cage,DabZ,4.7,390
Bird Cage,Dazzlesphere,3.3,958
Bird Cage,Demimbu,3.8,467
Bird Cage,Demivee,2.5,705
Bird Cage,Demizz,1.9,607
Bird Cage,Devbug,4.8,137
Bird Cage,Devcast,4.9,138
Bird Cage,Devify,1.1,244
Bird Cage,Devpoint,5.0,882
Bird Cage,Devpulse,2.6,392
Bird Cage,Devshare,1.9,216
Bird Cage,Digitube,3.3,36
Bird Cage,Divanoodle,3.3,451
Bird Cage,Divape,4.7,252
Bird Cage,Divavu,3.7,6
Bird Cage,Dynabox,4.4,989
Bird Cage,Dynava,1.5,717
Bird Cage,Dynazzy,4.0,754
Bird Cage,Eabox,3.0,292
Bird Cage,Eadel,3.7,404
Bird Cage,Eamia,5.0,35
Bird Cage,Eayo,4.5,187
Bird Cage,Eazzy,4.5,59
Bird Cage,Edgeblab,2.8,955
Bird Cage,Edgeclub,1.2,187
Bird Cage,Edgeify,2.1,45
Bird Cage,Edgepulse,3.2,517
Bird Cage,Edgetag,3.4,214
Bird Cage,Edgewire,2.5,167
Bird Cage,Eidel,1.2,756
Bird Cage,Eimbee,3.0,507
Bird Cage,Einti,4.2,34
Bird Cage,Eire,3.0,967
Bird Cage,Fadeo,3.8,889
Bird Cage,Fanoodle,4.4,674
Bird Cage,Fatz,3.8,334
Bird Cage,Feedbug,3.4,592
Bird Cage,Feedfire,3.2,995
Bird Cage,Feedfish,4.6,483
Bird Cage,Feedmix,2.7,113
Bird Cage,Feednation,3.7,182
Bird Cage,Feedspan,3.2,231
Bird Cage,Fivebridge,4.2,368
Bird Cage,Fivechat,1.6,133
Bird Cage,Fiveclub,1.1,717
Bird Cage,Fivespan,2.9,295
Bird Cage,Flashdog,2.9,943
Bird Cage,Flashpoint,4.9,232
Bird Cage,Flashset,4.7,418
Bird Cage,Flashspan,3.2,132
Bird Cage,Flipbug,4.6,564
Bird Cage,Flipopia,4.5,757
Bird Cage,Flipstorm,3.8,617
Bird Cage,Fliptune,4.7,771
Bird Cage,Gabcube,1.4,970
Bird Cage,Gabspot,3.2,444
Bird Cage,Gabtune,2.1,563
Bird Cage,Gabtype,1.8,747
Bird Cage,Gabvine,4.8,525
Bird Cage,Geba,2.7,863
Bird Cage,Gevee,4.4,852
Bird Cage,Gigabox,1.7,472
Bird Cage,Gigaclub,1.2,541
Bird Cage,Gigashots,3.1,274
Bird Cage,Gigazoom,4.2,663
Bird Cage,Innojam,4.7,187
Bird Cage,Innotype,4.0,858
Bird Cage,InnoZ,4.9,544
Bird Cage,Izio,1.7,454
Bird Cage,Jabberbean,1.9,58
Bird Cage,Jabbercube,3.0,102
Bird Cage,Jabbersphere,1.0,22
Bird Cage,Jabberstorm,2.2,277
Bird Cage,Jabbertype,4.3,523
Bird Cage,Jaloo,2.1,524
Bird Cage,Jamia,3.6,653
Bird Cage,Janyx,4.0,170
Bird Cage,Jatri,1.5,923
Bird Cage,Jaxbean,4.0,515
Bird Cage,Jaxnation,3.3,7
Bird Cage,Jaxspan,3.5,547
Bird Cage,Jaxworks,3.1,196
Bird Cage,Jayo,4.1,382
Bird Cage,Jazzy,2.6,887
Bird Cage,Jetpulse,2.4,179
Bird Cage,Jetwire,3.1,509
Bird Cage,JumpXS,3.0,33
Bird Cage,Kamba,4.2,714
Bird Cage,Kanoodle,2.2,169
Bird Cage,Kare,2.7,788
Bird Cage,Katz,3.9,258
Bird Cage,Kaymbo,1.7,500
Bird Cage,Kayveo,3.3,108
Bird Cage,Kazio,1.3,880
Bird Cage,Kazu,2.6,730
Bird Cage,Kimia,2.8,872
Bird Cage,Kwideo,3.1,997
Bird Cage,Kwilith,1.7,681
Bird Cage,Kwimbee,3.4,360
Bird Cage,Kwinu,1.3,243
Bird Cage,Lajo,3.0,731
Bird Cage,Latz,1.5,316
Bird Cage,Layo,1.6,49
Bird Cage,Lazz,4.2,215
Bird Cage,Lazzy,3.4,568
Bird Cage,Leenti,2.8,197
Bird Cage,Leexo,2.3,274
Bird Cage,Linkbridge,1.7,784
Bird Cage,Linkbuzz,4.7,408
Bird Cage,Linklinks,2.9,176
Bird Cage,Linktype,2.0,370
Bird Cage,Livefish,4.6,848
Bird Cage,Livepath,3.6,392
Bird Cage,Livetube,2.0,884
Bird Cage,LiveZ,5.0,953
Bird Cage,Meedoo,1.6,196
Bird Cage,Meejo,4.3,303
Bird Cage,Meembee,4.1,218
Bird Cage,Meemm,4.8,151
Bird Cage,Meetz,2.7,514
Bird Cage,Meevee,2.8,126
Bird Cage,Meeveo,4.0,1
Bird Cage,Meezzy,1.6,914
Bird Cage,Miboo,3.7,495
Bird Cage,Midel,2.5,92
Bird Cage,Minyx,4.4,848
Bird Cage,Mita,4.7,360
Bird Cage,Mudo,2.7,550
Bird Cage,Muxo,3.9,211
Bird Cage,Mybuzz,3.7,809
Bird Cage,Mycat,4.9,787
Bird Cage,Mydeo,4.7,566
Bird Cage,Mydo,3.0,7
Bird Cage,Mymm,4.0,776
Bird Cage,Mynte,4.1,716
Bird Cage,Myworks,3.5,249
Bird Cage,Nlounge,3.5,902
Bird Cage,Npath,1.4,718
Bird Cage,Ntag,1.4,112
Bird Cage,Ntags,2.3,508
Bird Cage,Oba,1.2,247
Bird Cage,Oloo,2.1,33
Bird Cage,Omba,2.1,591
Bird Cage,Ooba,2.0,76
Bird Cage,Oodoo,4.7,802
Bird Cage,Oozz,1.5,393
Bird Cage,Oyoba,1.1,802
Bird Cage,Oyoloo,2.0,384
Bird Cage,Oyonder,4.7,10
Bird Cage,Oyondu,2.7,391
Bird Cage,Oyope,2.9,600
Bird Cage,Oyoyo,4.0,823
Bird Cage,Ozu,3.4,610
Bird Cage,Photobean,3.3,775
Bird Cage,Photobug,2.1,173
Bird Cage,Photofeed,1.4,696
Bird Cage,Photojam,2.4,51
Bird Cage,Photolist,2.7,758
Bird Cage,Photospace,4.3,261
Bird Cage,Pixoboo,1.8,568
Bird Cage,Pixonyx,4.1,855
Bird Cage,Pixope,4.8,275
Bird Cage,Plajo,1.2,974
Bird Cage,Plambee,2.4,60
Bird Cage,Podcat,1.2,165
Bird Cage,Quamba,3.7,290
Bird Cage,Quatz,2.0,481
Bird Cage,Quaxo,2.0,751
Bird Cage,Quimba,4.0,942
Bird Cage,Quimm,1.6,283
Bird Cage,Quinu,3.7,722
Bird Cage,Quire,3.5,305
Bird Cage,Realblab,2.1,144
Bird Cage,Realbridge,1.4,446
Bird Cage,Realbuzz,1.4,956
Bird Cage,Realcube,3.8,258
Bird Cage,Realfire,4.9,371
Bird Cage,Reallinks,3.9,782
Bird Cage,Realmix,2.4,488
Bird Cage,Realpoint,1.1,159
Bird Cage,Rhybox,1.8,423
Bird Cage,Rhycero,3.6,48
Bird Cage,Rhyloo,2.1,187
Bird Cage,Rhynoodle,1.2,463
Bird Cage,Rhynyx,1.7,508
Bird Cage,Rhyzio,3.0,620
Bird Cage,Riffpath,2.2,997
Bird Cage,Riffpedia,2.3,562
Bird Cage,Riffwire,3.9,981
Bird Cage,Roodel,3.4,547
Bird Cage,Roombo,1.5,721
Bird Cage,Roomm,2.5,376
Bird Cage,Rooxo,1.4,273
Bird Cage,Shufflebeat,2.9,669
Bird Cage,Shuffledrive,3.3,953
Bird Cage,Shufflester,1.3,106
Bird Cage,Shuffletag,3.8,164
Bird Cage,Skaboo,2.5,278
Bird Cage,Skajo,4.7,149
Bird Cage,Skalith,3.6,445
Bird Cage,Skiba,4.6,874
Bird Cage,Skibox,4.3,76
Bird Cage,Skidoo,2.1,579
Bird Cage,Skilith,1.5,298
Bird Cage,Skimia,2.6,962
Bird Cage,Skinder,1.7,949
Bird Cage,Skinix,1.5,162
Bird Cage,Skinte,4.9,297
Bird Cage,Skipfire,2.1,654
Bird Cage,Skippad,2.4,375
Bird Cage,Skipstorm,1.6,64
Bird Cage,Skiptube,3.1,558
Bird Cage,Skivee,2.1,923
Bird Cage,Skyba,4.4,625
Bird Cage,Skyble,1.9,32
Bird Cage,Skyndu,2.0,732
Bird Cage,Skynoodle,2.3,26
Bird Cage,Skyvu,2.9,440
Bird Cage,Snaptags,3.7,345
Bird Cage,Tagcat,2.4,642
Bird Cage,Tagchat,2.5,845
Bird Cage,Tagfeed,3.0,945
Bird Cage,Tagopia,4.3,779
Bird Cage,Tagpad,2.8,427
Bird Cage,Tagtune,2.0,231
Bird Cage,Talane,3.4,601
Bird Cage,Tambee,2.4,647
Bird Cage,Tanoodle,3.7,801
Bird Cage,Tavu,3.7,620
Bird Cage,Tazz,4.6,556
Bird Cage,Tazzy,4.5,108
Bird Cage,Tekfly,2.1,431
Bird Cage,Teklist,4.0,237
Bird Cage,Thoughtbeat,4.1,177
Bird Cage,Yamia,4.6,554
Cat Toy,Lazzy,5.0,69
Bird Cage,Thoughtblab,2.0,257
Bird Cage,Thoughtbridge,3.0,614
Bird Cage,Thoughtmix,1.1,658
Bird Cage,Thoughtsphere,4.9,711
Bird Cage,Thoughtstorm,3.5,913
Bird Cage,Thoughtworks,3.6,526
Bird Cage,Topdrive,2.6,809
Bird Cage,Topicblab,1.6,936
Bird Cage,Topiclounge,3.0,965
Bird Cage,Topicshots,1.4,864
Bird Cage,Topicstorm,4.9,699
Bird Cage,Topicware,5.0,488
Bird Cage,Topiczoom,2.6,607
Bird Cage,Trilia,2.2,754
Bird Cage,Trilith,4.4,994
Bird Cage,Trudeo,3.7,561
Bird Cage,Trudoo,1.1,768
Bird Cage,Trunyx,1.2,682
Bird Cage,Trupe,1.7,522
Bird Cage,Twimbo,4.9,514
Bird Cage,Twimm,2.9,786
Bird Cage,Twinder,1.9,197
Bird Cage,Twinte,1.5,721
Bird Cage,Twitterbeat,1.6,835
Bird Cage,Twitterbridge,3.9,788
Bird Cage,Twitterlist,3.5,302
Bird Cage,Twitternation,4.4,724
Bird Cage,Twitterwire,4.6,267
Bird Cage,Twitterworks,4.8,219
Bird Cage,Twiyo,1.0,497
Bird Cage,Vidoo,1.8,488
Bird Cage,Vimbo,3.1,960
Bird Cage,Vinder,4.4,579
Bird Cage,Vinte,4.7,838
Bird Cage,Vipe,2.5,175
Bird Cage,Vitz,2.9,634
Bird Cage,Viva,1.8,797
Bird Cage,Voolia,2.9,687
Bird Cage,Yata,3.8,195
Cat Toy,Twimm,3.0,332
Bird Cage,Voolith,3.3,160
Bird Cage,Voomm,1.2,558
Bird Cage,Voonder,3.4,316
Bird Cage,Voonix,2.1,395
Bird Cage,Voonte,3.4,345
Bird Cage,Voonyx,4.6,167
Bird Cage,Wikibox,1.5,778
Bird Cage,Wikido,4.4,651
Bird Cage,Wikivu,4.1,599
Bird Cage,Wikizz,2.7,982
Bird Cage,Wordify,2.4,443
Bird Cage,Wordpedia,3.1,186
Bird Cage,Wordtune,4.8,405
Bird Cage,Wordware,3.4,626
Bird Cage,Yabox,1.5,524
Bird Cage,Yacero,2.1,718
Bird Cage,Yadel,3.8,977
Bird Cage,Yakidoo,3.7,24
Bird Cage,Yakijo,1.2,504
Bird Cage,Yakitri,4.7,296
Bird Cage,Yambee,4.7,261
Bird Cage,Yodel,1.3,218
Bird Cage,Yodo,3.0,262
Bird Cage,Yodoo,1.1,609
Bird Cage,Yombu,2.7,426
Bird Cage,Yotz,2.0,934
Bird Cage,Youbridge,1.6,11
Bird Cage,Youfeed,4.4,519
Bird Cage,Youopia,4.6,654
Bird Cage,Youspan,1.8,218
Bird Cage,Youtags,4.7,628
Bird Cage,Yoveo,3.6,601
Bird Cage,Yozio,1.2,553
Bird Cage,Zava,3.8,510
Bird Cage,Zazio,1.7,352
Bird Cage,Zoombeat,3.2,742
Bird Cage,Zoombox,2.7,890
Bird Cage,Zoomcast,1.1,356
Bird Cage,Zoomdog,3.2,553
Bird Cage,Zoomlounge,1.4,528
Bird Cage,Zoomzone,3.5,486
Bird Cage,Zoonder,3.2,594
Bird Cage,Zoonoodle,3.5,991
Bird Cage,Zooveo,3.0,360
Bird Cage,Zoovu,4.9,308
Bird Cage,Zooxo,2.4,205
Bird Cage,Zoozzy,2.2,950
Cat Toy,Abata,2.6,99
Cat Toy,Abatz,1.9,533
Cat Toy,Agimba,2.4,206
Cat Toy,Agivu,2.9,702
Cat Toy,Aibox,3.3,145
Cat Toy,Ailane,3.7,712
Cat Toy,Aimbo,4.1,374
Cat Toy,Aimbu,3.7,419
Cat Toy,Ainyx,1.9,540
Cat Toy,Aivee,4.9,737
Cat Toy,Avamba,3.3,454
Cat Toy,Avamm,1.5,745
Cat Toy,Avavee,1.1,717
Cat Toy,Avaveo,3.9,38
Cat Toy,Babbleblab,2.5,937
Cat Toy,Babbleopia,4.7,200
Cat Toy,Babbleset,2.8,933
Cat Toy,Babblestorm,1.1,260
Cat Toy,Blognation,2.0,381
Cat Toy,Blogpad,3.7,856
Cat Toy,Blogspan,2.8,218
Cat Toy,Blogtag,4.6,801
Cat Toy,Blogtags,2.4,873
Cat Toy,BlogXS,4.0,827
Cat Toy,Bluejam,2.9,477
Cat Toy,Bluezoom,4.9,744
Cat Toy,Brainbox,1.7,989
Cat Toy,Brainlounge,1.5,943
Cat Toy,Brainsphere,1.1,132
Cat Toy,Brainverse,3.8,951
Cat Toy,Brightbean,1.0,854
Cat Toy,Brightdog,1.8,986
Cat Toy,Browseblab,1.1,783
Cat Toy,Browsebug,1.1,30
Cat Toy,Browsecat,1.1,335
Cat Toy,Browsedrive,3.8,944
Cat Toy,Browsetype,2.2,293
Cat Toy,Browsezoom,1.9,972
Cat Toy,Bubblebox,2.0,11
Cat Toy,Bubblemix,3.9,92
Cat Toy,Zoonder,3.9,66
Cat Toy,Bubbletube,2.4,808
Cat Toy,Buzzbean,4.6,66
Cat Toy,Buzzdog,1.9,487
Cat Toy,Buzzshare,3.3,710
Cat Toy,Buzzster,2.7,100
Cat Toy,Camido,2.2,200
Cat Toy,Camimbo,1.4,638
Cat Toy,Centidel,3.7,549
Cat Toy,Centimia,1.9,254
Cat Toy,Centizu,3.2,74
Cat Toy,Chatterbridge,2.2,434
Cat Toy,Chatterpoint,3.0,972
Cat Toy,Cogibox,4.3,311
Cat Toy,Cogidoo,2.3,858
Cat Toy,Cogilith,4.8,53
Cat Toy,Dabfeed,1.7,138
Cat Toy,Dabjam,1.6,185
Cat Toy,Dablist,3.8,713
Cat Toy,Dabshots,3.3,553
Cat Toy,Dabtype,2.6,232
Cat Toy,Geba,4.0,462
Cat Toy,Dabvine,2.0,814
Cat Toy,DabZ,4.6,354
Cat Toy,Dazzlesphere,2.3,716
Cat Toy,Demimbu,4.0,986
Cat Toy,Demivee,2.8,960
Cat Toy,Demizz,4.1,482
Cat Toy,Devbug,2.7,114
Cat Toy,Devcast,4.9,112
Cat Toy,Devify,4.9,11
Cat Toy,Devpoint,3.1,227
Cat Toy,Devpulse,2.7,521
Cat Toy,Devshare,1.4,938
Cat Toy,Digitube,2.8,867
Cat Toy,Divanoodle,4.5,65
Cat Toy,Divape,4.8,743
Cat Toy,Divavu,3.6,432
Cat Toy,Dynabox,1.0,648
Cat Toy,Dynava,2.9,853
Cat Toy,Dynazzy,4.2,621
Cat Toy,Eabox,3.5,243
Cat Toy,Eadel,4.6,281
Cat Toy,Eamia,2.4,815
Cat Toy,Eare,1.3,625
Cat Toy,Eayo,4.8,802
Cat Toy,Eazzy,1.6,265
Cat Toy,Edgeblab,3.9,825
Cat Toy,Edgeclub,2.2,558
Cat Toy,Edgeify,1.6,1000
Cat Toy,Edgepulse,2.6,762
Cat Toy,Edgetag,2.7,200
Cat Toy,Edgewire,4.6,197
Cat Toy,Eidel,3.5,843
Cat Toy,Eimbee,3.0,993
Cat Toy,Einti,2.9,220
Cat Toy,Eire,1.7,502
Cat Toy,Fadeo,4.3,396
Cat Toy,Fanoodle,4.6,233
Cat Toy,Fatz,1.3,803
Cat Toy,Feedbug,3.6,211
Cat Toy,Feedfire,3.8,712
Cat Toy,Jaxspan,2.1,877
Cat Toy,Feedfish,5.0,41
Cat Toy,Feedmix,2.1,511
Cat Toy,Feednation,3.5,614
Cat Toy,Feedspan,4.2,490
Cat Toy,Fivebridge,3.9,0
Cat Toy,Fivechat,1.3,378
Cat Toy,Fiveclub,2.0,353
Cat Toy,Fivespan,1.8,240
Cat Toy,Flashdog,2.7,774
Cat Toy,Flashpoint,2.5,22
Cat Toy,Flashset,3.3,322
Cat Toy,Flashspan,1.5,561
Cat Toy,Flipbug,2.9,553
Cat Toy,Flipopia,4.4,639
Cat Toy,Flipstorm,4.8,407
Cat Toy,Fliptune,2.5,599
Cat Toy,Gabcube,2.0,27
Cat Toy,Gabspot,1.2,352
Cat Toy,Gabtune,4.1,598
Cat Toy,Gabtype,4.1,796
Cat Toy,Gabvine,3.9,449
Cat Toy,Gevee,2.7,133
Cat Toy,Gigabox,2.4,319
Cat Toy,Gigaclub,2.5,203
Cat Toy,Gigashots,4.9,709
Cat Toy,Gigazoom,1.4,661
Cat Toy,Innojam,1.6,953
Cat Toy,Innotype,1.5,372
Cat Toy,InnoZ,2.7,317
Cat Toy,Izio,1.5,186
Cat Toy,Jabberbean,1.4,580
Cat Toy,Jabbercube,2.3,188
Cat Toy,Jabbersphere,1.2,507
Cat Toy,Jabberstorm,2.4,431
Cat Toy,Jabbertype,2.0,615
Cat Toy,Jaloo,4.2,785
Cat Toy,Jamia,3.8,280
Cat Toy,Janyx,1.2,382
Cat Toy,Jatri,4.5,426
Cat Toy,Jaxbean,1.5,341
Cat Toy,Jaxnation,1.4,968
Cat Toy,Jayo,2.9,991
Cat Toy,Jazzy,3.3,898
Cat Toy,Jetpulse,4.6,69
Cat Toy,Jetwire,2.6,223
Cat Toy,JumpXS,3.4,987
Cat Toy,Kamba,3.3,124
Cat Toy,Kanoodle,2.6,905
Cat Toy,Kare,2.4,647
Cat Toy,Katz,2.3,16
Cat Toy,Kaymbo,2.8,823
Cat Toy,Kayveo,3.8,195
Cat Toy,Kazio,4.8,463
Cat Toy,Kazu,3.2,979
Cat Toy,Kimia,2.5,409
Cat Toy,Kwideo,3.4,184
Cat Toy,Kwilith,2.1,813
Cat Toy,Kwimbee,4.5,4
Cat Toy,Kwinu,1.7,764
Cat Toy,Lajo,3.4,620
Cat Toy,Latz,3.1,855
Cat Toy,Layo,4.5,292
Cat Toy,Lazz,3.8,452
Cat Toy,Leenti,1.8,89
Cat Toy,Leexo,4.1,580
Cat Toy,Linkbridge,4.9,87
Cat Toy,Linkbuzz,1.5,127
Cat Toy,Linklinks,2.0,994
Cat Toy,Linktype,2.7,906
Cat Toy,Livefish,2.7,86
Cat Toy,Livepath,4.6,769
Cat Toy,Livetube,3.4,480
Cat Toy,LiveZ,1.2,321
Cat Toy,Meedoo,4.5,782
Cat Toy,Meejo,2.8,806
Cat Toy,Meembee,1.4,841
Cat Toy,Meemm,4.6,566
Cat Toy,Meetz,3.6,859
Cat Toy,Meevee,4.1,754
Cat Toy,Meeveo,1.2,277
Cat Toy,Meezzy,2.5,302
Cat Toy,Miboo,2.3,968
Cat Toy,Midel,3.5,936
Cat Toy,Minyx,5.0,550
Cat Toy,Mita,4.2,583
Cat Toy,Oyonder,4.3,33
Cat Toy,Mudo,1.8,24
Cat Toy,Muxo,2.2,334
Cat Toy,Mybuzz,4.4,639
Cat Toy,Mycat,1.8,740
Cat Toy,Mydeo,4.8,581
Cat Toy,Mydo,4.6,537
Cat Toy,Mymm,1.5,308
Cat Toy,Mynte,4.1,455
Cat Toy,Myworks,3.0,421
Cat Toy,Nlounge,3.4,373
Cat Toy,Npath,2.9,442
Cat Toy,Ntag,1.9,241
Cat Toy,Ntags,2.1,103
Cat Toy,Oba,4.3,341
Cat Toy,Oloo,3.9,527
Cat Toy,Omba,4.2,633
Cat Toy,Ooba,4.8,829
Cat Toy,Oodoo,4.4,617
Cat Toy,Oozz,4.4,633
Cat Toy,Oyoba,1.8,372
Cat Toy,Oyoloo,1.1,644
Cat Toy,Oyondu,2.2,540
Cat Toy,Oyope,3.6,504
Cat Toy,Oyoyo,4.7,566
Cat Toy,Ozu,3.3,705
Cat Toy,Photobean,2.8,334
Cat Toy,Photobug,1.9,768
Cat Toy,Photofeed,2.1,332
Cat Toy,Photojam,4.5,740
Cat Toy,Photolist,4.8,439
Cat Toy,Photospace,3.2,151
Cat Toy,Pixoboo,4.3,54
Cat Toy,Pixonyx,3.1,840
Cat Toy,Pixope,1.0,89
Cat Toy,Plajo,4.1,545
Cat Toy,Plambee,1.8,836
Cat Toy,Podcat,1.7,766
Cat Toy,Quamba,1.5,809
Cat Toy,Quatz,1.8,691
Cat Toy,Quaxo,1.1,295
Cat Toy,Quimba,3.5,650
Cat Toy,Quimm,1.5,808
Cat Toy,Quinu,3.8,305
Cat Toy,Quire,3.4,818
Cat Toy,Realblab,1.8,399
Cat Toy,Realbridge,4.6,101
Cat Toy,Realbuzz,1.2,697
Cat Toy,Realcube,4.5,814
Cat Toy,Realfire,3.7,833
Cat Toy,Reallinks,2.2,869
Cat Toy,Realmix,2.1,268
Cat Toy,Realpoint,4.6,271
Cat Toy,Rhybox,4.2,447
Cat Toy,Rhycero,4.1,970
Cat Toy,Rhyloo,2.4,991
Cat Toy,Rhynoodle,3.1,492
Cat Toy,Rhynyx,4.1,561
Cat Toy,Rhyzio,3.4,63
Cat Toy,Riffpath,1.6,86
Cat Toy,Riffpedia,2.5,541
Cat Toy,Riffwire,3.1,61
Cat Toy,Roodel,2.0,65
Cat Toy,Roombo,3.5,355
Cat Toy,Roomm,3.3,163
Cat Toy,Rooxo,1.3,645
Cat Toy,Shufflebeat,2.4,662
Cat Toy,Shuffledrive,4.5,998
Cat Toy,Shufflester,2.2,47
Cat Toy,Shuffletag,3.6,867
Cat Toy,Skaboo,3.7,79
Cat Toy,Skajo,3.7,668
Cat Toy,Skalith,5.0,177
Cat Toy,Skiba,3.7,112
Cat Toy,Skibox,4.7,970
Cat Toy,Skidoo,4.8,217
Cat Toy,Skilith,4.5,873
Cat Toy,Skimia,2.8,63
Cat Toy,Skinder,3.0,881
Cat Toy,Skinix,3.7,557
Cat Toy,Skinte,3.1,720
Cat Toy,Skipfire,2.5,377
Cat Toy,Skippad,4.9,243
Cat Toy,Skipstorm,2.0,961
Cat Toy,Skiptube,5.0,821
Cat Toy,Skivee,1.1,669
Cat Toy,Skyba,1.1,443
Cat Toy,Zoonoodle,1.6,212
Cat Toy,Skyble,3.0,568
Cat Toy,Skyndu,1.5,126
Cat Toy,Skynoodle,2.0,538
Cat Toy,Skyvu,3.0,323
Cat Toy,Snaptags,2.2,480
Cat Toy,Tagcat,3.3,73
Cat Toy,Tagchat,3.7,407
Cat Toy,Tagfeed,3.5,653
Cat Toy,Tagopia,2.2,785
Cat Toy,Tagpad,3.2,671
Cat Toy,Tagtune,1.8,933
Cat Toy,Talane,3.3,442
Cat Toy,Tambee,1.5,625
Cat Toy,Tanoodle,2.6,388
Cat Toy,Tavu,4.8,23
Cat Toy,Tazz,2.2,335
Cat Toy,Tazzy,4.0,146
Cat Toy,Tekfly,2.1,721
Cat Toy,Teklist,2.6,490
Cat Toy,Thoughtbeat,3.5,909
Cat Toy,Twimbo,1.3,700
Cat Toy,Thoughtblab,4.4,937
Cat Toy,Thoughtbridge,2.1,303
Cat Toy,Thoughtmix,1.6,534
Cat Toy,Thoughtsphere,2.1,77
Cat Toy,Thoughtstorm,3.0,570
Cat Toy,Thoughtworks,4.2,885
Cat Toy,Topdrive,4.8,839
Cat Toy,Topicblab,4.0,861
Cat Toy,Topiclounge,2.5,660
Cat Toy,Topicshots,1.1,24
Cat Toy,Topicstorm,2.3,227
Cat Toy,Topicware,2.6,313
Cat Toy,Topiczoom,2.3,738
Cat Toy,Trilia,3.8,90
Cat Toy,Trilith,2.7,862
Cat Toy,Trudeo,2.4,283
Cat Toy,Trudoo,1.2,229
Cat Toy,Trunyx,2.6,763
Cat Toy,Trupe,1.6,465
Cat Toy,Twinder,3.7,430
Cat Toy,Twinte,4.9,469
Cat Toy,Twitterbeat,3.7,247
Cat Toy,Twitterbridge,2.6,147
Cat Toy,Twitterlist,2.8,222
Cat Toy,Twitternation,3.7,663
Cat Toy,Twitterwire,3.5,177
Cat Toy,Twitterworks,1.1,81
Cat Toy,Twiyo,3.5,823
Cat Toy,Vidoo,2.5,886
Cat Toy,Vimbo,2.0,575
Cat Toy,Vinder,4.1,42
Cat Toy,Vinte,4.2,982
Cat Toy,Vipe,3.3,575
Cat Toy,Vitz,2.9,616
Cat Toy,Viva,4.2,45
Cat Toy,Voolia,3.5,907
Cat Toy,Voolith,1.0,902
Cat Toy,Voomm,3.5,767
Cat Toy,Voonder,3.7,671
Cat Toy,Voonix,2.6,456
Cat Toy,Voonte,2.1,504
Cat Toy,Voonyx,4.9,223
Cat Toy,Wikibox,1.4,208
Cat Toy,Wikido,4.4,669
Cat Toy,Wikivu,2.0,356
Cat Toy,Wikizz,1.9,144
Cat Toy,Wordify,3.6,644
Cat Toy,Wordpedia,4.9,685
Cat Toy,Wordtune,3.1,229
Cat Toy,Wordware,1.7,220
Cat Toy,Yabox,4.0,753
Cat Toy,Yacero,3.3,501
Cat Toy,Yadel,2.1,685
Cat Toy,Yakidoo,4.9,591
Cat Toy,Yakijo,1.3,216
Cat Toy,Yakitri,1.4,752
Cat Toy,Yambee,4.9,253
Cat Toy,Yamia,2.1,600
Cat Toy,Yata,2.8,559
Cat Toy,Yodel,3.1,797
Cat Toy,Yodo,4.8,790
Cat Toy,Yodoo,2.8,423
Cat Toy,Yombu,3.6,289
Cat Toy,Yotz,4.4,921
Cat Toy,Youbridge,1.7,389
Cat Toy,Youfeed,2.4,497
Cat Toy,Youopia,1.5,128
Cat Toy,Youspan,1.5,203
Cat Toy,Youtags,2.4,433
Cat Toy,Yoveo,3.9,366
Cat Toy,Yozio,4.7,508
Cat Toy,Zava,2.7,586
Cat Toy,Zazio,3.9,660
Cat Toy,Zoombeat,3.4,972
Cat Toy,Zoombox,1.2,181
Cat Toy,Zoomcast,2.8,776
Cat Toy,Zoomdog,2.0,997
Cat Toy,Zoomlounge,4.8,201
Cat Toy,Zoomzone,4.8,839
Cat Toy,Zooveo,1.2,633
Cat Toy,Zoovu,1.4,68
Cat Toy,Zooxo,1.8,85
Cat Toy,Zoozzy,3.4,616
Dog Food,Abata,2.3,112
Dog Food,Abatz,3.7,450
Dog Food,Agimba,4.7,359
Dog Food,Agivu,4.9,73
Dog Food,Aibox,3.9,927
Dog Food,Ailane,1.1,820
Dog Food,Aimbo,2.7,775
Dog Food,Aimbu,3.0,318
Dog Food,Ainyx,4.1,312
Dog Food,Aivee,2.4,427
Dog Food,Avamba,3.4,714
Dog Food,Avamm,5.0,592
Dog Food,Avavee,4.6,567
Dog Food,Avaveo,1.8,359
Dog Food,Babbleblab,4.1,885
Dog Food,Babbleopia,4.3,631
Dog Food,Babbleset,2.3,809
Dog Food,Babblestorm,2.4,918
Dog Food,Blognation,4.9,861
Dog Food,Blogpad,4.5,951
Dog Food,Blogspan,2.2,7
Dog Food,Blogtag,1.1,367
Dog Food,Blogtags,2.9,875
Dog Food,BlogXS,3.5,39
Dog Food,Bluejam,3.7,157
Dog Food,Bluezoom,4.6,324
Dog Food,Brainbox,3.2,216
Dog Food,Brainlounge,4.5,111
Dog Food,Brainsphere,3.6,175
Dog Food,Brainverse,1.4,225
Dog Food,Brightbean,2.8,417
Dog Food,Brightdog,1.8,543
Dog Food,Browseblab,2.5,172
Dog Food,Browsebug,3.7,272
Dog Food,Browsecat,3.8,450
Dog Food,Browsedrive,1.3,703
Dog Food,Browsetype,3.5,808
Dog Food,Browsezoom,4.2,309
Dog Food,Bubblebox,3.2,167
Dog Food,Bubblemix,3.0,893
Dog Food,Bubbletube,3.8,234
Dog Food,Buzzbean,3.7,490
Dog Food,Buzzdog,2.7,466
Dog Food,Buzzshare,3.1,554
Dog Food,Buzzster,3.2,353
Dog Food,Camido,1.6,303
Dog Food,Camimbo,2.8,473
Dog Food,Centidel,3.8,442
Dog Food,Centimia,1.1,202
Dog Food,Centizu,2.8,549
Dog Food,Chatterbridge,4.4,406
Dog Food,Chatterpoint,4.4,981
Dog Food,Cogibox,3.6,686
Dog Food,Cogidoo,4.3,606
Dog Food,Cogilith,3.8,99
Dog Food,Dabfeed,2.6,356
Dog Food,Dabjam,4.7,750
Dog Food,Dablist,2.2,415
Dog Food,Dabshots,3.3,955
Dog Food,Dabtype,2.7,267
Dog Food,Dabvine,2.5,98
Dog Food,Gabvine,2.8,380
Dog Food,DabZ,4.8,966
Dog Food,Dazzlesphere,4.6,419
Dog Food,Demimbu,2.1,775
Dog Food,Demivee,1.7,813
Dog Food,Demizz,2.6,422
Dog Food,Devbug,2.7,913
Dog Food,Devcast,4.0,157
Dog Food,Devify,2.7,110
Dog Food,Devpoint,1.2,705
Dog Food,Devpulse,2.0,206
Dog Food,Devshare,4.5,6
Dog Food,Digitube,3.2,594
Dog Food,Divanoodle,3.6,440
Dog Food,Divape,1.9,92
Dog Food,Divavu,2.3,50
Dog Food,Dynabox,4.1,324
Dog Food,Dynava,3.4,743
Dog Food,Dynazzy,2.3,929
Dog Food,Eabox,4.4,799
Dog Food,Eadel,1.9,564
Dog Food,Eamia,1.3,531
Dog Food,Eare,2.1,289
Dog Food,Eayo,1.5,148
Dog Food,Eazzy,2.3,993
Dog Food,Edgeblab,1.9,45
Dog Food,Edgeclub,2.9,12
Dog Food,Edgeify,4.8,868
Dog Food,Edgepulse,1.9,777
Dog Food,Edgetag,1.4,456
Dog Food,Edgewire,1.3,410
Dog Food,Eidel,4.9,384
Dog Food,Eimbee,2.6,263
Dog Food,Einti,2.3,659
Dog Food,Eire,4.5,224
Dog Food,Fadeo,3.7,28
Dog Food,Fanoodle,1.6,816
Dog Food,Fatz,4.4,214
Dog Food,Feedbug,1.5,214
Dog Food,Feedfire,5.0,447
Dog Food,Feedfish,4.9,537
Dog Food,Feedmix,3.0,798
Dog Food,Feednation,4.5,504
Dog Food,Feedspan,1.1,323
Dog Food,Fivebridge,2.9,678
Dog Food,Fivechat,1.0,144
Dog Food,Fiveclub,2.2,107
Dog Food,Fivespan,3.9,10
Dog Food,Flashdog,1.4,231
Dog Food,Flashpoint,1.5,159
Dog Food,Flashset,2.4,374
Dog Food,Flashspan,2.1,272
Dog Food,Flipbug,2.4,569
Dog Food,Flipopia,3.6,576
Dog Food,Flipstorm,1.9,699
Dog Food,Fliptune,1.9,703
Dog Food,Gabcube,3.4,925
Dog Food,Gabspot,4.8,283
Dog Food,Gabtune,4.0,235
Dog Food,Gabtype,2.8,485
Dog Food,Meetz,1.6,414
Dog Food,Geba,1.3,394
Dog Food,Gevee,3.3,30
Dog Food,Gigabox,4.1,831
Dog Food,Gigaclub,1.7,1000
Dog Food,Gigashots,1.9,339
Dog Food,Gigazoom,1.9,570
Dog Food,Innojam,1.8,907
Dog Food,Innotype,2.2,553
Dog Food,InnoZ,4.7,172
Dog Food,Izio,1.2,136
Dog Food,Jabberbean,1.9,55
Dog Food,Jabbercube,3.8,995
Dog Food,Jabbersphere,3.7,402
Dog Food,Jabberstorm,2.5,266
Dog Food,Jabbertype,2.8,460
Dog Food,Jaloo,1.1,922
Dog Food,Jamia,2.5,638
Dog Food,Janyx,4.4,363
Dog Food,Jatri,2.9,555
Dog Food,Jaxbean,2.3,818
Dog Food,Jaxnation,2.6,887
Dog Food,Jaxspan,4.5,319
Dog Food,Jaxworks,3.4,386
Dog Food,Jayo,2.0,612
Dog Food,Jazzy,5.0,107
Dog Food,Jetpulse,2.1,303
Dog Food,Jetwire,4.8,640
Dog Food,JumpXS,2.3,116
Dog Food,Kamba,2.5,699
Dog Food,Kanoodle,4.0,453
Dog Food,Kare,2.8,693
Dog Food,Katz,1.2,173
Dog Food,Kaymbo,4.8,924
Dog Food,Kayveo,1.2,157
Dog Food,Kazio,1.0,886
Dog Food,Kazu,1.9,642
Dog Food,Kimia,2.3,14
Dog Food,Kwideo,2.7,343
Dog Food,Kwilith,1.6,448
Dog Food,Kwimbee,3.3,219
Dog Food,Meevee,1.2,218
Dog Food,Kwinu,3.3,849
Dog Food,Lajo,2.1,694
Dog Food,Latz,3.4,778
Dog Food,Layo,3.0,555
Dog Food,Lazz,2.4,594
Dog Food,Lazzy,1.8,977
Dog Food,Leenti,3.2,74
Dog Food,Leexo,4.3,392
Dog Food,Linkbridge,1.3,163
Dog Food,Linkbuzz,4.7,344
Dog Food,Linklinks,3.1,119
Dog Food,Linktype,3.5,856
Dog Food,Livefish,1.4,473
Dog Food,Livepath,3.1,278
Dog Food,Livetube,4.2,348
Dog Food,LiveZ,2.4,400
Dog Food,Meedoo,4.6,939
Dog Food,Meejo,3.1,135
Dog Food,Meembee,3.2,722
Dog Food,Meemm,1.5,401
Dog Food,Meeveo,2.8,800
Dog Food,Meezzy,3.2,287
Dog Food,Miboo,1.4,182
Dog Food,Midel,1.8,740
Dog Food,Minyx,1.7,361
Dog Food,Mita,1.5,703
Dog Food,Mudo,4.6,927
Dog Food,Muxo,3.6,388
Dog Food,Mybuzz,2.0,872
Dog Food,Mycat,3.9,910
Dog Food,Mydeo,5.0,101
Dog Food,Mydo,2.8,681
Dog Food,Mymm,3.8,327
Dog Food,Mynte,3.2,360
Dog Food,Myworks,1.6,348
Dog Food,Nlounge,3.1,966
Dog Food,Npath,3.6,790
Dog Food,Ntag,3.9,86
Dog Food,Ntags,4.9,682
Dog Food,Oba,4.4,620
Dog Food,Oloo,3.0,818
Dog Food,Quamba,3.7,67
Dog Food,Omba,1.2,939
Dog Food,Ooba,3.0,369
Dog Food,Oodoo,2.5,665
Dog Food,Oozz,4.8,201
Dog Food,Oyoba,3.8,855
Dog Food,Oyoloo,2.7,879
Dog Food,Oyonder,1.3,497
Dog Food,Oyondu,4.1,387
Dog Food,Oyope,4.9,111
Dog Food,Oyoyo,4.9,231
Dog Food,Ozu,2.6,81
Dog Food,Photobean,1.8,529
Dog Food,Photobug,2.7,460
Dog Food,Photofeed,1.9,969
Dog Food,Photojam,1.3,191
Dog Food,Photolist,1.9,679
Dog Food,Photospace,1.6,708
Dog Food,Pixoboo,1.0,488
Dog Food,Pixonyx,1.6,453
Dog Food,Pixope,2.1,427
Dog Food,Plajo,1.3,304
Dog Food,Plambee,2.6,605
Dog Food,Podcat,3.4,392
Dog Food,Quatz,2.0,665
Dog Food,Quaxo,3.4,78
Dog Food,Quimba,3.7,460
Dog Food,Quimm,1.2,121
Dog Food,Quinu,2.3,217
Dog Food,Quire,4.7,979
Dog Food,Realblab,4.9,909
Dog Food,Realbridge,3.6,644
Dog Food,Realbuzz,2.9,27
Dog Food,Realcube,4.3,80
Dog Food,Realfire,2.7,261
Dog Food,Reallinks,4.5,21
Dog Food,Realmix,3.5,819
Dog Food,Realpoint,4.7,249
Dog Food,Rhybox,2.6,871
Dog Food,Rhycero,2.2,131
Dog Food,Rhyloo,4.7,959
Dog Food,Rhynoodle,2.0,700
Dog Food,Rhynyx,1.5,265
Dog Food,Rhyzio,3.7,425
Dog Food,Riffpath,3.5,221
Dog Food,Riffpedia,1.3,927
Dog Food,Riffwire,4.6,801
Dog Food,Roodel,3.1,322
Dog Food,Roombo,4.8,975
Dog Food,Roomm,3.5,506
Dog Food,Rooxo,2.1,398
Dog Food,Shufflebeat,3.5,294
Dog Food,Shuffledrive,2.0,912
Dog Food,Shufflester,3.0,648
Dog Food,Shuffletag,1.7,41
Dog Food,Skaboo,1.1,565
Dog Food,Skajo,1.9,859
Dog Food,Skalith,1.2,966
Dog Food,Skiba,2.4,909
Dog Food,Skibox,1.4,248
Dog Food,Skidoo,4.4,830
Dog Food,Skilith,3.7,151
Dog Food,Skimia,3.3,430
Dog Food,Skinder,2.5,433
Dog Food,Skinix,3.7,125
Dog Food,Skinte,4.4,513
Dog Food,Skipfire,1.8,318
Dog Food,Skippad,4.9,317
Dog Food,Skipstorm,2.9,323
Dog Food,Skiptube,2.7,57
Dog Food,Skivee,2.6,461
Dog Food,Skyba,2.2,172
Dog Food,Skyble,3.6,440
Dog Food,Skyndu,3.5,912
Dog Food,Skynoodle,1.2,664
Dog Food,Skyvu,3.6,35
Dog Food,Snaptags,4.7,63
Dog Food,Tagcat,3.4,201
Dog Food,Tagchat,4.1,559
Dog Food,Tagfeed,2.0,125
Dog Food,Tagopia,1.4,761
Dog Food,Tagpad,2.2,758
Dog Food,Tagtune,3.9,803
Dog Food,Talane,3.9,459
Dog Food,Tambee,2.1,401
Dog Food,Tanoodle,3.3,450
Dog Food,Tavu,2.6,128
Dog Food,Tazz,3.3,798
Dog Food,Tazzy,1.8,961
Dog Food,Tekfly,2.9,464
Dog Food,Teklist,4.1,511
Dog Food,Thoughtbeat,1.4,358
Dog Food,Thoughtblab,1.0,138
Dog Food,Thoughtbridge,4.0,26
Dog Food,Thoughtmix,4.2,211
Dog Food,Thoughtsphere,4.1,243
Dog Food,Thoughtstorm,2.9,957
Dog Food,Thoughtworks,2.2,883
Dog Food,Topdrive,1.5,120
Dog Food,Topicblab,4.2,53
Dog Food,Topiclounge,2.6,915
Dog Food,Topicshots,4.2,122
Dog Food,Topicstorm,3.3,137
Dog Food,Topicware,4.6,584
Dog Food,Topiczoom,2.4,337
Dog Food,Trilia,4.8,59
Dog Food,Trilith,3.8,837
Dog Food,Trudeo,3.7,341
Dog Food,Trudoo,4.9,837
Dog Food,Trunyx,4.5,362
Dog Food,Trupe,4.9,672
Dog Food,Twimbo,4.5,410
Dog Food,Twimm,3.5,911
Dog Food,Twinder,1.3,995
Dog Food,Twinte,4.5,943
Dog Food,Twitterbeat,4.2,781
Dog Food,Twitterbridge,2.7,934
Dog Food,Twitterlist,1.8,84
Dog Food,Twitternation,1.1,629
Dog Food,Twitterwire,1.9,232
Dog Food,Twitterworks,3.5,427
Dog Food,Twiyo,4.5,840
Dog Food,Vidoo,1.1,16
Dog Food,Vimbo,2.7,104
Dog Food,Vinder,3.2,785
Dog Food,Vinte,4.7,91
Dog Food,Vipe,4.9,935
Dog Food,Vitz,1.8,990
Dog Food,Viva,1.4,319
Dog Food,Voolia,3.8,498
Dog Food,Voolith,2.4,361
Dog Food,Voomm,1.3,459
Dog Food,Voonder,3.4,300
Dog Food,Voonix,1.5,601
Dog Food,Voonte,1.5,313
Dog Food,Voonyx,4.8,934
Dog Food,Wikibox,2.5,428
Dog Food,Wikido,3.5,216
Dog Food,Wikivu,2.4,490
Dog Food,Wikizz,4.1,119
Dog Food,Wordify,1.6,164
Dog Food,Wordpedia,5.0,898
Dog Food,Wordtune,2.1,38
Dog Food,Wordware,2.5,614
Dog Food,Yabox,1.1,622
Dog Food,Yacero,1.7,490
Dog Food,Yadel,4.4,377
Dog Food,Yakidoo,3.1,603
Dog Food,Yakijo,2.8,680
Dog Food,Yakitri,3.4,869
Dog Food,Yambee,1.8,924
Dog Food,Yamia,2.5,159
Dog Food,Yata,2.3,795
Dog Food,Yodel,4.4,604
Dog Food,Yodo,1.3,466
Dog Food,Yodoo,4.8,406
Dog Food,Yombu,3.4,931
Dog Food,Yotz,4.4,610
Dog Food,Youbridge,4.1,827
Dog Food,Youfeed,2.0,370
Dog Food,Youopia,3.5,527
Dog Food,Youspan,1.8,897
Dog Food,Youtags,2.2,104
Dog Food,Yoveo,3.5,672
Dog Food,Yozio,4.4,831
Dog Food,Zava,4.3,675
Dog Food,Zazio,2.3,936
Dog Food,Zoombeat,1.5,271
Dog Food,Zoombox,1.2,192
Dog Food,Zoomcast,4.0,59
Dog Food,Zoomdog,1.9,669
Dog Food,Zoomlounge,4.0,982
Dog Food,Zoomzone,4.2,278
Dog Food,Zoonder,1.1,945
Dog Food,Zoonoodle,3.9,850
Dog Food,Zooveo,2.9,906
Dog Food,Zoovu,1.3,67
Dog Food,Zooxo,4.7,46
Dog Food,Zoozzy,1.6,499
